{
  "did_att": -108.61279573754561,
  "did_se": 105.79618064337963,
  "psm_att": -111.05509345689038,
  "bsts_att": null,
  "meta": {
    "psm_reason": null,
    "psm_diagnostics": {
      "n_treat_pre": 220,
      "n_ctrl_pre": 1276,
      "covars": [
        "incidence"
      ],
      "ps_overlap_low": 0.04821890505050414,
      "ps_overlap_high": 0.17022992134546097,
      "n_treat_pre_cs": 220,
      "n_ctrl_pre_cs": 1194,
      "caliper": 0.05187570841162145,
      "n_matched": 220
    },
    "bsts_reason": "R/rpy2 or CausalImpact not available, or failed to run.",
    "n_rows": 4760,
    "n_regions": 34
  },
  "timestamp": "2025-10-03T00:14:45.377937+00:00"
}