{
  "did_att": -108.61279573754561,
  "did_se": 105.79618064337963,
  "psm_att": -111.05509345689038,
  "impact_att": null
}