{
  "did_att": -244.0241348794655,
  "did_se": 167.03830806878258,
  "psm_att": -87.11058435173477,
  "bsts_att": null,
  "meta": {
    "psm_reason": null,
    "psm_diagnostics": {
      "n_treat_pre": 135,
      "n_ctrl_pre": 783,
      "covars": [
        "incidence"
      ],
      "ps_overlap_low": 0.04899376850742453,
      "ps_overlap_high": 0.17369661478967574,
      "n_treat_pre_cs": 135,
      "n_ctrl_pre_cs": 729,
      "caliper": 0.051902539288624795,
      "n_matched": 135
    },
    "bsts_reason": "BSTS via Rscript failed: Command '['Rscript', 'C:\\\\Users\\\\jibra\\\\AppData\\\\Local\\\\Temp\\\\tmp_2hkcwi9\\\\run_ci.R']' returned non-zero exit status 1.",
    "n_rows": 4760,
    "n_regions": 34
  },
  "timestamp": "2025-10-04T21:36:55.961995+00:00",
  "did": {
    "att": -244.0241348794655
  },
  "psm": {
    "att": -87.11058435173477
  }
}