{
    "did_att": -245.81709365317363,
    "did_se": 166.37498721676891,
    "psm_att": -113.47203494824016,
    "bsts_att": null,
    "meta": {
        "psm_reason": null,
        "psm_diagnostics": {
            "n_treat_pre": 125,
            "n_ctrl_pre": 725,
            "covars": [
                "incidence"
            ],
            "ps_overlap_low": 0.049976618284575954,
            "ps_overlap_high": 0.17276529775726043,
            "n_treat_pre_cs": 125,
            "n_ctrl_pre_cs": 679,
            "caliper": 0.05193428573121953,
            "n_matched": 125
        },
        "bsts_reason": "BSTS disabled via config.",
        "n_rows": 4760,
        "n_regions": 34
    },
    "timestamp": "2025-10-10T00:28:14.997732+00:00"
}