{
  "did_att": -108.61279573754655,
  "did_se": 105.7961806433797,
  "psm_att": -99.36668357683985,
  "bsts_att": null,
  "meta": {
    "psm_reason": null,
    "psm_diagnostics": {
      "n_treat_pre": 220,
      "n_ctrl_pre": 1276,
      "covars": [
        "incidence"
      ],
      "ps_overlap_low": 0.04821890505050414,
      "ps_overlap_high": 0.17022992134546097,
      "n_treat_pre_cs": 220,
      "n_ctrl_pre_cs": 1194,
      "caliper": 0.05187570841162146,
      "n_matched": 220
    },
    "bsts_reason": "BSTS via Rscript failed: [Errno 2] No such file or directory: 'Rscript'",
    "n_rows": 4760,
    "n_regions": 34
  },
  "timestamp": "2025-10-03T03:24:25.387367+00:00"
}
